USE UngDungTimViecLam
GO
INSERT INTO TB_ACCOUNT(ID_ACCOUNT,USERNAME,PASSWORD,ACCESSER,STATUS) VALUES
('AA001','ADMIN','ADMIN',NULL,1),
('AE001','LHM','1234',1,1),
('AE002','LTMN','1234',1,1),
('AJ001','LVN','1234',0,1),
('AJ002','LVN','1234',0,1)

INSERT INTO TB_PROFILE(ID_PROFILE, IMAGE, NAME, CITY, PHONE_NUMBER, EMAIL, FACEBOOK, WEBSITE) VALUES
('PF001',(SELECT * FROM OPENROWSET(BULK N'C:\Users\ADMIN\Desktop\PBL\PBL3_UngDungTimViecLam\Image\lop.jpg', SINGLE_BLOB) as IMAGE),'MINH','HA TINH','0763034216','LHM2K1@GMAIL.COM',NULL,NULL),
('PF002',(SELECT * FROM OPENROWSET(BULK N'C:\Users\ADMIN\Desktop\PBL\PBL3_UngDungTimViecLam\Image\lop.jpg', SINGLE_BLOB) as IMAGE),'LHM','HA TINH','0763034216','LHM2K1@GMAIL.COM',NULL,NULL),
('PF003',(SELECT * FROM OPENROWSET(BULK N'C:\Users\ADMIN\Desktop\PBL\PBL3_UngDungTimViecLam\Image\lop.jpg', SINGLE_BLOB) as IMAGE),'LHM','HA TINH','0763034216','LHM2K1@GMAIL.COM',NULL,NULL),
('PF004',(SELECT * FROM OPENROWSET(BULK N'C:\Users\ADMIN\Desktop\PBL\PBL3_UngDungTimViecLam\Image\lop.jpg', SINGLE_BLOB) as IMAGE),'LHM','HA TINH','0763034216','LHM2K1@GMAIL.COM',NULL,NULL)

INSERT INTO TB_EMPLOYER(ID_EMPLOYER, ID_ACCOUNT, ID_PROFILE) VALUES
('EM001', 'AE001', 'PF001'),
('EM002', 'AE002', 'PF002')

INSERT INTO TB_CATEGORY_JOB(ID_CATEGORY_JOB, CATEGORY_JOB_NAME) VALUES
('CJ001', 'IT'),
('CJ002', 'SALE'),
('CJ003', 'MANAGEMENT HR'),
('CJ004', 'TEACH')

INSERT INTO TB_JOBSEEKER(ID_JOBSEEKER, ID_ACCOUNT, ID_PROFILE, AGE, GENDER, PROFESSIONAL) VALUES
('JS001', 'AJ001', 'PF003', 20, 'TRUE', 'INFORMATION TEACHNOLOGY'),
('JS002', 'AJ002', 'PF004', 30, 'FALSE', 'TEACHER UP TOP 5 YEARS')

INSERT INTO TB_POST (ID_POST, ID_EMPLOYER, ID_CATEGORY_JOB, JOB_NAME, COMPANY_NAME, CITY, SALARY, DESCIPTION_JOB, LABOR, STATUS) VALUES
('P001', 'EM001', 'CJ001', 'DEVELOPER', 'VNG', 'DA NANG', 10000000, NULL, 4, 'TRUE' ),
('P002', 'EM001', 'CJ001', 'FRONT_END', 'DAC', 'DA NANG', 8000000, NULL, 2, 'FALSE' ),
('P003', 'EM002', 'CJ001', 'BACK_END', 'VNG', 'DA NANG', 12000000, NULL, 3, 'TRUE' ),
('P004', 'EM002', 'CJ001', 'TESTER', 'DAC', 'DA NANG', 15000000, NULL, 5, 'FALSE' )

/*DELETE FROM TB_ACCOUNT
DELETE FROM TB_CATEGORY_JOB
DELETE FROM TB_CV
DELETE FROM TB_DETAIL_CV_AND_POST
DELETE FROM TB_EMPLOYER
DELETE FROM TB_JOBSEEKER
DELETE FROM TB_POST
DELETE FROM TB_PROFILE*/